{"cameraMode":{"drawMode":0,"name":"Shaded","section":"Shading Mode"},"sceneLighting":false,"audioPlay":false,"sceneViewState":{"showFog":true,"showMaterialUpdate":false,"showSkybox":false,"showFlares":true,"showImageEffects":true,"showParticleSystems":true},"in2DMode":false,"pivot":{"x":0.7120000123977661,"y":0.4269999861717224,"z":0.3659999370574951},"rotation":{"x":0.3294581472873688,"y":0.10310468822717667,"z":-0.036232832819223407,"w":0.9379020929336548},"size":2.288062572479248,"orthographic":false}