{"cameraMode":{"drawMode":0,"name":"Shaded","section":"Shading Mode"},"sceneLighting":false,"audioPlay":false,"sceneViewState":{"showFog":true,"showMaterialUpdate":false,"showSkybox":false,"showFlares":true,"showImageEffects":true,"showParticleSystems":true},"in2DMode":false,"pivot":{"x":0.005560398101806641,"y":0.039055466651916507,"z":0.1736760139465332},"rotation":{"x":0.08674483001232147,"y":-0.8799923658370972,"z":0.1767224222421646,"w":0.43227139115333559},"size":5.812365531921387,"orthographic":false}