{"cameraMode":{"drawMode":0,"name":"Shaded","section":"Shading Mode"},"sceneLighting":false,"audioPlay":false,"sceneViewState":{"showFog":true,"showMaterialUpdate":false,"showSkybox":false,"showFlares":true,"showImageEffects":true,"showParticleSystems":true},"in2DMode":false,"pivot":{"x":0.011879444122314453,"y":0.21362349390983582,"z":-0.1106494665145874},"rotation":{"x":-0.029423294588923456,"y":0.9473410844802856,"z":-0.09122524410486222,"w":-0.3055500388145447},"size":1.810429334640503,"orthographic":false}