{"cameraMode":{"drawMode":0,"name":"Shaded","section":"Shading Mode"},"sceneLighting":false,"audioPlay":false,"sceneViewState":{"showFog":true,"showMaterialUpdate":false,"showSkybox":false,"showFlares":true,"showImageEffects":true,"showParticleSystems":true},"in2DMode":false,"pivot":{"x":0.661595344543457,"y":0.7726930379867554,"z":-1.1676487922668458},"rotation":{"x":-0.5068920850753784,"y":-0.4202987849712372,"z":0.31026002764701846,"w":-0.6858624219894409},"size":0.9590931534767151,"orthographic":false}