{"cameraMode":{"drawMode":0,"name":"Shaded","section":"Shading Mode"},"sceneLighting":true,"audioPlay":false,"sceneViewState":{"showFog":true,"showMaterialUpdate":false,"showSkybox":true,"showFlares":true,"showImageEffects":true,"showParticleSystems":true},"in2DMode":false,"pivot":{"x":-0.36376094818115237,"y":0.19140625,"z":-0.907512903213501},"rotation":{"x":-0.49895527958869936,"y":-0.501047670841217,"z":0.5004610419273377,"w":-0.4995419979095459},"size":5.89320707321167,"orthographic":true}