{"cameraMode":{"drawMode":0,"name":"Shaded","section":"Shading Mode"},"sceneLighting":false,"audioPlay":false,"sceneViewState":{"showFog":true,"showMaterialUpdate":false,"showSkybox":false,"showFlares":true,"showImageEffects":true,"showParticleSystems":true},"in2DMode":false,"pivot":{"x":-0.027466177940368654,"y":0.5161401033401489,"z":0.039311766624450687},"rotation":{"x":0.2840754985809326,"y":0.3356547951698303,"z":-0.10692666471004486,"w":0.8917436599731445},"size":0.6123725175857544,"orthographic":false}