{"cameraMode":{"drawMode":0,"name":"Shaded","section":"Shading Mode"},"sceneLighting":false,"audioPlay":false,"sceneViewState":{"showFog":true,"showMaterialUpdate":false,"showSkybox":false,"showFlares":true,"showImageEffects":true,"showParticleSystems":true},"in2DMode":false,"pivot":{"x":-0.7002265453338623,"y":0.5148483514785767,"z":-0.22385263442993165},"rotation":{"x":0.04887550324201584,"y":-0.8299686908721924,"z":0.0736582949757576,"w":0.5507619976997376},"size":2.171236038208008,"orthographic":false}