{"cameraMode":{"drawMode":0,"name":"Shaded","section":"Shading Mode"},"sceneLighting":false,"audioPlay":false,"sceneViewState":{"showFog":true,"showMaterialUpdate":false,"showSkybox":false,"showFlares":true,"showImageEffects":true,"showParticleSystems":true},"in2DMode":false,"pivot":{"x":0.9300000071525574,"y":0.4269999861717224,"z":-1.690000057220459},"rotation":{"x":0.4473782181739807,"y":-0.0080409562215209,"z":0.00405416265130043,"w":0.8943988680839539},"size":0.6054814457893372,"orthographic":false}